ButtonIcon-GCN-A.svg	3e0a62b8c50d65768583deb7d6ac5d66c690ef13726aa9b5cc582dedd144c063	https://ssb.wiki.gallery/images/4/41/ButtonIcon-GCN-A.svg
ButtonIcon-GCN-B.svg	3c0406e97e6f716c4ae347a387ba4fea8d7b1701c0ee6dd9664f8ab23d1f3b07	https://ssb.wiki.gallery/images/2/29/ButtonIcon-GCN-B.svg
ButtonIcon-GCN-C-Stick-D.svg	3bf03680ab47c500c48ac051de0f5a930827aedb601836a1d49d3340dd409aed	https://ssb.wiki.gallery/images/f/fb/ButtonIcon-GCN-C-Stick-D.svg
ButtonIcon-GCN-C-Stick-DL.svg	49bea1f10167c54fc3d2251652efd0bb1d66c83c69316d3d69aa093696445e5e	https://ssb.wiki.gallery/images/c/ce/ButtonIcon-GCN-C-Stick-DL.svg
ButtonIcon-GCN-C-Stick-DR.svg	7a4933f5c2daba4d5eb7d3635569ce09d9cc4195059af4d28d32800031f4414e	https://ssb.wiki.gallery/images/b/b5/ButtonIcon-GCN-C-Stick-DR.svg
ButtonIcon-GCN-C-Stick-L.svg	2a935303a337f1bbdc9d25e7afcd46092927b0601158a13c014f5ab2cb49ee96	https://ssb.wiki.gallery/images/f/f0/ButtonIcon-GCN-C-Stick-L.svg
ButtonIcon-GCN-C-Stick-R.svg	1f34649c0905c899060fc9b960477305098002a8776087bfb08e1c37db6a16c9	https://ssb.wiki.gallery/images/2/27/ButtonIcon-GCN-C-Stick-R.svg
ButtonIcon-GCN-C-Stick-U.svg	7670c36e1f9e4053f0195613d8729acfd6ae10e702a18b50ae2735319d21b6c3	https://ssb.wiki.gallery/images/b/bb/ButtonIcon-GCN-C-Stick-U.svg
ButtonIcon-GCN-C-Stick-UL.svg	5d76968e4ab104027f2bfd0769312113ecaa7a592144b90e42538359cb8e53fc	https://ssb.wiki.gallery/images/f/f5/ButtonIcon-GCN-C-Stick-UL.svg
ButtonIcon-GCN-C-Stick-UR.svg	eebb13e8070af4044fe22c3b41ec3c1e4e38a33435877319f6a051d678eb4c74	https://ssb.wiki.gallery/images/0/06/ButtonIcon-GCN-C-Stick-UR.svg
ButtonIcon-GCN-C-Stick.svg	f1742ecd67ec3906c1fc840c01c2761b730eca9baf74ceee77804545c21ca698	https://ssb.wiki.gallery/images/0/08/ButtonIcon-GCN-C-Stick.svg
ButtonIcon-GCN-Control Stick-D-S.svg	33d0f10ff236991b459b5612d37b536849fa14231a41229239b0bc7d0ccafbda	https://ssb.wiki.gallery/images/e/e6/ButtonIcon-GCN-Control_Stick-D-S.svg
ButtonIcon-GCN-Control Stick-D.svg	7c80e23f59047e8751efb824f4b73ea23fa85c00e082e8491b0687b42ce067a7	https://ssb.wiki.gallery/images/e/ed/ButtonIcon-GCN-Control_Stick-D.svg
ButtonIcon-GCN-Control Stick-DL.svg	01b2d4df70c8f3cc5a157613aadc7f4c82f92a73caf20ae2075650fb6efc8330	https://ssb.wiki.gallery/images/7/7c/ButtonIcon-GCN-Control_Stick-DL.svg
ButtonIcon-GCN-Control Stick-DR.svg	ddbead10571c9001fe0c1cf5d7e628f94eaa116f2b58a3e4abc9db40a7fa579a	https://ssb.wiki.gallery/images/6/6e/ButtonIcon-GCN-Control_Stick-DR.svg
ButtonIcon-GCN-Control Stick-L-S.svg	b3fac58021f71ab511d1ff9408b7f352f5a2419edbe4908590519f7ee1eff462	https://ssb.wiki.gallery/images/b/bb/ButtonIcon-GCN-Control_Stick-L-S.svg
ButtonIcon-GCN-Control Stick-L.svg	be7d2ad99d045b4802ea528c9c46303e9ad600beb0191a8b7fe87630d90cbd63	https://ssb.wiki.gallery/images/8/81/ButtonIcon-GCN-Control_Stick-L.svg
ButtonIcon-GCN-Control Stick-R-S.svg	8518df912df26ca768d863ad776431e5c8722436955eebadbeb8b359aa470fa9	https://ssb.wiki.gallery/images/b/b1/ButtonIcon-GCN-Control_Stick-R-S.svg
ButtonIcon-GCN-Control Stick-R.svg	0a1116ae7f5249eb39c7b4413c2ff99cd1ca0728e0850c941be8bd3f27fb720d	https://ssb.wiki.gallery/images/1/17/ButtonIcon-GCN-Control_Stick-R.svg
ButtonIcon-GCN-Control Stick-U-S.svg	01c6e9968d3cb684e590f078bc58d78a7966cb13beb56f67426a54ec5b75aa4a	https://ssb.wiki.gallery/images/9/91/ButtonIcon-GCN-Control_Stick-U-S.svg
ButtonIcon-GCN-Control Stick-U.svg	fed20efa0ecd191a2dfecfef5cc81f9305129a48b182ac4fe17a819154b20b52	https://ssb.wiki.gallery/images/3/39/ButtonIcon-GCN-Control_Stick-U.svg
ButtonIcon-GCN-Control Stick-UL.svg	03df88656975b11f289137161b39f418e7143ab73119c10bc1bb904f23429f36	https://ssb.wiki.gallery/images/7/7d/ButtonIcon-GCN-Control_Stick-UL.svg
ButtonIcon-GCN-Control Stick-UR.svg	efc895b114e4a916188cd75e6a8e982b2428e72463cda5507d598eb9a61e819d	https://ssb.wiki.gallery/images/d/d5/ButtonIcon-GCN-Control_Stick-UR.svg
ButtonIcon-GCN-Control Stick.svg	3b1e729a2fc9ff3cb80e4447c22793424d9b719ba26b9cd65ce3a499124b7d71	https://ssb.wiki.gallery/images/f/f9/ButtonIcon-GCN-Control_Stick.svg
ButtonIcon-GCN-D-Pad-D.svg	7124ae9b622e711a277c2196bbc12ecb7455dee87a224915805de62b5fdd4395	https://ssb.wiki.gallery/images/0/0f/ButtonIcon-GCN-D-Pad-D.svg
ButtonIcon-GCN-D-Pad-DL.svg	672c283a7f82a3265c7f4151cedef10acea8babd65ce2cb400eeede60fb6e5a8	https://ssb.wiki.gallery/images/0/0f/ButtonIcon-GCN-D-Pad-DL.svg
ButtonIcon-GCN-D-Pad-DR.svg	b3bec9587a63c8015a5201a0346d7f17f620cf1cbd8fb6ce47671d73366df763	https://ssb.wiki.gallery/images/9/9f/ButtonIcon-GCN-D-Pad-DR.svg
ButtonIcon-GCN-D-Pad-L.svg	a63bc2c6593259f140bfe2dfe5d89156b9904f6b2229291a9c4ae0801b79deb6	https://ssb.wiki.gallery/images/7/7a/ButtonIcon-GCN-D-Pad-L.svg
ButtonIcon-GCN-D-Pad-R.svg	1dddda5aca5905a4bfb622e4c87cdf26bcc5add3d3cf8806169eea4b4c93b8f4	https://ssb.wiki.gallery/images/4/4e/ButtonIcon-GCN-D-Pad-R.svg
ButtonIcon-GCN-D-Pad-U.svg	388727b9e587f41badfd8bab56ac00f1352b06e558a1126595ea2fc77ac9435a	https://ssb.wiki.gallery/images/6/68/ButtonIcon-GCN-D-Pad-U.svg
ButtonIcon-GCN-D-Pad-UL.svg	28dd9fb8672231bc29f9a53e345d6a39854c77231540adf5d6a0e46d64303528	https://ssb.wiki.gallery/images/e/ed/ButtonIcon-GCN-D-Pad-UL.svg
ButtonIcon-GCN-D-Pad-UR.svg	9a266fda766f97c2423bf3456e15231335e600800fa667c4a7df57ae53430e2c	https://ssb.wiki.gallery/images/4/48/ButtonIcon-GCN-D-Pad-UR.svg
ButtonIcon-GCN-D-Pad.svg	cfd09ca0c50e5a48cf40a792cdaeef8fe6580805bc0b8f4c4ff8219c044f5edf	https://ssb.wiki.gallery/images/e/e3/ButtonIcon-GCN-D-Pad.svg
ButtonIcon-GCN-L-C.svg	8a584196bba5ed1fd924c12a9142a937a86005fdda755a650825009348c20fa2	https://ssb.wiki.gallery/images/2/20/ButtonIcon-GCN-L-C.svg
ButtonIcon-GCN-L-P.svg	5c4ad3ad4e127a0440f799a8cb67ce6d70c90bb1fcda9e6da0cf4942f4225841	https://ssb.wiki.gallery/images/e/ee/ButtonIcon-GCN-L-P.svg
ButtonIcon-GCN-L.svg	30e5b81b24e6337d6d5e7e82f844efc07c9c704198a7a012ad37b4011c380a0c	https://ssb.wiki.gallery/images/1/17/ButtonIcon-GCN-L.svg
ButtonIcon-GCN-R-C.svg	9bac650d78745791029094c67ccd3b49e0acaf5421ee7313c8658902a2649f80	https://ssb.wiki.gallery/images/9/95/ButtonIcon-GCN-R-C.svg
ButtonIcon-GCN-R-P.svg	856b3bf1e7fade95277e92bc7dc17c4c67ae778476757c40d976b65660cda078	https://ssb.wiki.gallery/images/d/da/ButtonIcon-GCN-R-P.svg
ButtonIcon-GCN-R.svg	f8c2e1fd341be15711c8d1e3018990d507d7e8a07d2a34fee2c9acafe2a4ccd6	https://ssb.wiki.gallery/images/d/d0/ButtonIcon-GCN-R.svg
ButtonIcon-GCN-Start-Pause.svg	a6330129ee2c0a19be8bb0c410888164744b4ba654a3d03b89c7f7658e070615	https://ssb.wiki.gallery/images/7/7c/ButtonIcon-GCN-Start-Pause.svg
ButtonIcon-GCN-X.svg	3f52e7debdf879af284903a6de7f46f985efca7e6a7b99d117384926f0267775	https://ssb.wiki.gallery/images/7/7d/ButtonIcon-GCN-X.svg
ButtonIcon-GCN-Y.svg	1600f1029596cbd2bec4357a255a03d17f15b22b7cc7016c46ffe6bc578cc8b4	https://ssb.wiki.gallery/images/8/88/ButtonIcon-GCN-Y.svg
ButtonIcon-GCN-Z.svg	033aebd664db693dea879f488daeb10ac676fd03848c943fc0b21bf53f71ab57	https://ssb.wiki.gallery/images/e/e4/ButtonIcon-GCN-Z.svg
